key,iri,label,size,size_source,level_of_theory,level_source,origin,location,aliases,exclude,note
ISO17,ds-ISO17,ISO17 (MD conformations of C7O2H10 isomers),,,,,schutt2017,http://quantum-machine.org/datasets/,ISO17,,size and level of theory are not stated by an encoded paper; unke2019 uses a 400k + 4k split and describes 127 isomers
QM9,ds-QM9,QM9 (equilibrium geometries and properties of small organic molecules),133885,ramakrishnan2014,"B3LYP/6-31G(2df,p)",ramakrishnan2014,ramakrishnan2014,https://doi.org/10.6084/m9.figshare.978904,QM9,,
MD17,ds-MD17,MD17 (ab initio MD trajectories of small organic molecules),,,PBE+vdW-TS,hu2022,chmiela2017,http://quantum-machine.org/gdml/,MD17|GDML training set|sGDML training set,rMD17|revMD17|CCSD|MD17@|xxMD,one trajectory per molecule; sizes differ per molecule; chmiela2017 introduced eight molecules and later papers added more under the same name
MD17-CCSD,ds-MD17-CCSD,MD17 at coupled-cluster level (CCSD and CCSD(T) force data sets for five molecules),,,CCSD or CCSD(T) with cc-pVDZ or cc-pVTZ depending on the molecule,chmiela2018,chmiela2018,http://quantum-machine.org/gdml/,MD17@CCSD|CCSD\(T\).*force data set|CCSD.*force data set,,
rMD17,ds-revMD17,rMD17 (revised MD17),,,,,christensen2020,https://doi.org/10.6084/m9.figshare.12672038,rMD17|revMD17|revised MD17,,the IRI is ds-revMD17 because entity:ds-rMD17 already names the batatia2022 training split (legacy file)
MD22,ds-MD22,MD22 (MD trajectories of molecules with up to hundreds of atoms),,,,,chmiela2023,http://quantum-machine.org/gdml/,MD22,,
3BPA,ds-3BPA,"3BPA (MD configurations of 3-(benzyloxy)pyridin-2-amine at 300, 600 and 1200 K and dihedral scans)",,,,,kovacs2021,,3BPA,,
ANI-1,ds-ANI-1,ANI-1 (DFT conformations of small organic molecules from GDB-11),17200000,smith2017,omegaB97X/6-31G(d),smith2017,smith2017,https://doi.org/10.6084/m9.figshare.5287732,ANI-1 |ANI-1$|ANI1 |ANI-1 dataset|ANI-1 subset,ANI-1x|ANI-1ccx,size as stated in smith2017 (about 17.2 million)
ANI-1x,ds-ANI-1x,ANI-1x (actively learned DFT conformations of organic molecules),5496771,smith2018,,,smith2018,,ANI-1x,,data release described in smith2020
ANI-1ccx,ds-ANI-1ccx,ANI-1ccx (coupled-cluster subset of ANI-1x),500000,smith2020,CCSD(T)*/CBS,smith2019ccx,smith2019ccx,https://doi.org/10.6084/m9.figshare.10047041,ANI-1ccx|ANI1ccx,,size as stated in smith2020 (about 500 thousand)
SPICE,ds-SPICE,SPICE (small-molecule and protein-interaction chemical energies),1132808,eastman2023,,,eastman2023,,SPICE,,size is that of SPICE version 1 as encoded in eastman2023; MACE-OFF23 uses a 951k subset
QM7-X,ds-QM7-X,QM7-X (equilibrium and non-equilibrium structures of small organic molecules),,,,,hoja2021,,QM7-x|QM7-X,,
COLL,ds-COLL,COLL (configurations from molecular collisions),,,,,gasteiger2020coll,,COLL ,,
MPtrj,ds-MPtrj,MPtrj (Materials Project trajectory data set),1580395,deng2023,,,deng2023,https://doi.org/10.6084/m9.figshare.23713842,MPtrj|MPTrj|MPTraj,,shared IRI already defined in the legacy file deng2023; label and size are asserted there and not repeated in shared/datasets.ttl
MPF.2021.2.8,ds-MPF-2021-2-8,MPF.2021.2.8 (Materials Project relaxation snapshots; the M3GNet data set),187687,chen2022,,,chen2022,https://doi.org/10.6084/m9.figshare.19470599,MPF\.2021|MPF\b|M3GNet \(MPF\) data set,,shared IRI already defined in the legacy file chen2022; label and size are asserted there and not repeated in shared/datasets.ttl
OC20,ds-OC20,OC20 (Open Catalyst 2020),133934018,chanussot2021,RPBE,chanussot2021,chanussot2021,,OC20|OC2M|Open Catalyst 2020,,size is the S2EF 'All' training set as encoded in chanussot2021
OC22,ds-OC22,OC22 (Open Catalyst 2022; oxide electrocatalysts),,,,,tran2023,,OC22,,
OMat24,ds-OMat24,OMat24 (Open Materials 2024),,,,,barrosoluque2024,,OMat24|OMat\b,,lysogorskiy2026 states 110 million DFT calculations
sAlex,ds-sAlex,sAlex (subsampled Alexandria),,,,,barrosoluque2024,,sAlex,,introduced with OMat24 as a subsample of the Alexandria database; the Alexandria database itself is not registered
MatPES,ds-MatPES,MatPES (foundational potential energy surface data set; PBE and r2SCAN),,,,,kaplan2025,,MatPES,,
HME21,ds-HME21,HME21 (high-temperature multi-element 2021),,,,,takamoto2022pfp,,HME21|high-temperature multi-element,,takamoto2022pfp states 19956 training; 2498 validation and 2495 test structures
