paper_id,local_iri,label,numConfigurations,registry_keys,relation
anstine2025,ds-b973c-anstine2025,Distilled AIMNet2 training set at the B97-3c level,,,
anstine2025,ds-wb97m-anstine2025,Distilled AIMNet2 training set at the omegaB97M-D3/def2-TZVPP level (about 2e7 samples),,,
artrith2016,ds-TiO2-artrith2016,TiO2 reference set (7694 structures of 6 to 95 atoms; 10% randomly held out for testing),7694,,
bandi2024,ds-DFTMD-bandi2024,DFTMD data set for ThO2,,,
bandi2024,ds-IDMD-bandi2024,IDMD data set for ThO2,,,
bartok2010,ds-Si-bartok2010,"Si GAP training set: random atomic and lattice displacements (up to 0.2 A) of equilibrium unit cells of 2, 8, 16, and 64 atoms",,,
bartok2013,ds-Si-clusters-bartok2013,"Si3-Si19 cluster training set (largest: 720 configurations, 8000 atomic environments)",720,,
bartok2018si,ds-Si-bartok2018,"Si general-purpose GAP fitting database (2475 unit cells, 171,815 atomic environments, 531,710 pieces of electronic-structure data)",2475,,
batatia2022,ds-rMD17,rMD17 training split: 950 train + 50 validation per molecule (10 molecules),1000,rMD17,split-or-subset
batatia2024mp0,ds-MPtrj-batatia2024mp0,"MPtrj subset used for MACE-MP-0: ~1.5M static and structural-relaxation configurations across ~150,000 Materials Project compounds; 90% of unit cells have under 70 atoms",1500000,MPtrj,split-or-subset
batatia2025,ds-3BPA-batatia2025,3BPA training set (500 configurations sampled at 300 K),500,3BPA,split-or-subset
batatia2025,ds-acac-batatia2025,Acetylacetone training set (500 configurations sampled at 300 K),500,,
batzner2022,ds-water-ice,Water + 3 ices joint training set (133 structures sampled from 140000-frame full set),133,,
behler2007,ds-Si-behler2007,Bulk-Si HDNNP DFT-LDA dataset (~9000 total: 8200 train + 800 test),9000,,
behler2011,ds-LJ-trimers-behler2011,"Lennard-Jones trimer training set (36,000 of 45,000 structures)",36000,,
bi2026,ds-Ag-bi2026,Ag data set (4.6 x 10^4 configurations),46000,,
bi2026,ds-LiF-bi2026,LiF/Li-F subset of MPtrj (3.9 x 10^4 configurations),39000,MPtrj,split-or-subset
bi2026,ds-Si-bi2026,Silicon data set (3.4 x 10^4 configurations),34000,,
byggmastar2019,ds-W-byggmastar2019,"Tungsten GAP training database (3749 structures, 42,410 atoms)",3749,,
castel2024,ds-flat-castel2024,Final flat-histogram set (2357 training and 190 test frames),2357,,
castel2024,ds-flat-small-castel2024,Initial flat-histogram set (964 training and 96 test frames),964,,
castel2024,ds-rand-castel2024,Random-sampling set (1000 training and 100 test frames),1000,,
chanussot2021,ds-s2ef-all-chanussot2021,"OC20 S2EF training set, 'All' (133,934,018 structures)",133934018,OC20,original-or-part (origin paper)
chen2022,ds-MPF-2021-2-8,"MPF.2021.2.8: 187,687 ionic steps from 62,783 Materials Project compounds",187687,MPF.2021.2.8,original
chen2023solvent,ds-CuH2O-chen2023solvent,On-the-fly training set for solvated Cu(111),,,
chen2023solvent,ds-water-T1-chen2023solvent,Bulk water training set T1 (800 configurations),800,,
chen2023uranium,ds-U-chen2023uranium,Uranium DFT+U active-learning training set,,,
cheng2024,ds-3BPA-cheng2024,3BPA training set (500 structures at 300 K),500,3BPA,split-or-subset
cheng2024,ds-HEA25-cheng2024,"HEA25 training and validation pool (up to 24,630 structures)",24630,,
cheng2024,ds-ethanol-cheng2024,"MD17 ethanol subset (1,000 structures)",1000,MD17,split-or-subset
cheng2024,ds-water-cheng2024,"Liquid water data set (1,593 configurations of 64 molecules)",1593,,
chmiela2017,ds-aspirin-chmiela2017,GDML training set for aspirin (about 1000 geometries),1000,MD17,original-or-part (origin paper)
chmiela2017,ds-benzene-chmiela2017,GDML training set for benzene (about 1000 geometries),1000,MD17,original-or-part (origin paper)
chmiela2017,ds-ethanol-chmiela2017,GDML training set for ethanol (about 1000 geometries),1000,MD17,original-or-part (origin paper)
chmiela2017,ds-malonaldehyde-chmiela2017,GDML training set for malonaldehyde (about 1000 geometries),1000,MD17,original-or-part (origin paper)
chmiela2017,ds-naphthalene-chmiela2017,GDML training set for naphthalene (about 1000 geometries),1000,MD17,original-or-part (origin paper)
chmiela2017,ds-salicylic-acid-chmiela2017,GDML training set for salicylic acid (about 1000 geometries),1000,MD17,original-or-part (origin paper)
chmiela2017,ds-toluene-chmiela2017,GDML training set for toluene (about 1000 geometries),1000,MD17,original-or-part (origin paper)
chmiela2017,ds-uracil-chmiela2017,GDML training set for uracil (about 1000 geometries),1000,MD17,original-or-part (origin paper)
chmiela2018,ds-aspirin-chmiela2018,Aspirin CCSD/cc-pVDZ force data set,,MD17-CCSD,original-or-part (origin paper)
chmiela2018,ds-benzene-chmiela2018,Benzene CCSD(T) force data set,,MD17-CCSD,original-or-part (origin paper)
chmiela2018,ds-ethanol-chmiela2018,Ethanol CCSD(T)/cc-pVTZ force data set,,MD17-CCSD,original-or-part (origin paper)
chmiela2018,ds-malonaldehyde-chmiela2018,Malonaldehyde CCSD(T)/cc-pVDZ force data set,,MD17-CCSD,original-or-part (origin paper)
chmiela2018,ds-toluene-chmiela2018,Toluene CCSD(T)/cc-pVDZ force data set,,MD17-CCSD,original-or-part (origin paper)
chmiela2019,ds-aspirin-chmiela2019,sGDML training set for aspirin (1000 reference geometries),1000,MD17,split-or-subset
chmiela2019,ds-azobenzene-chmiela2019,sGDML training set for azobenzene (1000 reference geometries),1000,MD17,split-or-subset
chmiela2019,ds-benzene-chmiela2019,sGDML training set for benzene (1000 reference geometries),1000,MD17,split-or-subset
chmiela2019,ds-ethanol-chmiela2019,sGDML training set for ethanol (1000 reference geometries),1000,MD17,split-or-subset
chmiela2019,ds-malonaldehyde-chmiela2019,sGDML training set for malonaldehyde (1000 reference geometries),1000,MD17,split-or-subset
chmiela2019,ds-naphthalene-chmiela2019,sGDML training set for naphthalene (1000 reference geometries),1000,MD17,split-or-subset
chmiela2019,ds-paracetamol-chmiela2019,sGDML training set for paracetamol (1000 reference geometries),1000,MD17,split-or-subset
chmiela2019,ds-salicylic-acid-chmiela2019,sGDML training set for salicylic acid (1000 reference geometries),1000,MD17,split-or-subset
chmiela2019,ds-toluene-chmiela2019,sGDML training set for toluene (1000 reference geometries),1000,MD17,split-or-subset
chmiela2019,ds-uracil-chmiela2019,sGDML training set for uracil (1000 reference geometries),1000,MD17,split-or-subset
david2024,ds-NR7-david2024,NR7 data set after seven non-reactive cycles (1158 configurations),1158,,
david2024,ds-R5-david2024,R5 data set after five reactive cycles (NR7 plus 1155 structures),,,
david2024,ds-aiMD-david2024,aiMD training data set (1000 configurations),1000,,
deng2023,ds-MPtrj,"MPtrj: 1,580,395 atomic configurations from 145,923 Materials Project compounds, with energies, forces, stresses, and 7,944,833 site magnetic moments",1580395,MPtrj,original
deng2025,ds-ft-1-deng2025,CHGNet linear-correction set: one high-energy configuration of mp-973966,1,,
deng2025,ds-ft-10-deng2025,CHGNet fine-tuning set: 10 structures of mp-973966,10,,
dhaliwal2022,ds-diamond-dhaliwal2022,Diamond data set (libatoms.org),,,
dhaliwal2022,ds-graphene-dhaliwal2022,Graphene data set (libatoms.org; the data of the graphene GAP),,,
dinpajooh2026,ds-blyp-dinpajooh2026,HNO3 training set at the BLYP-D2 level (2941 configurations),2941,,
dinpajooh2026,ds-pbe-dinpajooh2026,HNO3 training set at the PBE-D3 level (the 2941 snapshots recomputed plus 11 new candidates),2952,,
dinpajooh2026,ds-stage1-dinpajooh2026,"Stage-1 (NVT) configurations at the BLYP-D2 level, used to fine-tune MACE-MP0",,,
dragoni2018,ds-Fe-dragoni2018,"alpha-Fe GAP training database (DB1 to DB8, 152,070 local atomic environments)",,,
drautz2019,ds-clu1-15-bulk-drautz2019,clu1-15+bulk (PBE): clu1-4+bulk plus random clusters with 5 to 15 atoms,,,
drautz2019,ds-clu1-4-bulk-drautz2019,clu1-4+bulk (PBE): clusters with one to four atoms and all periodic structures,,,
dubois2024,ds-UO2-dubois2024,"UO2 database (1844 configurations, 446,375 data; about 10% held out for testing)",1844,,
eastman2023,ds-spice-eastman2023,"SPICE version 1 (1,132,808 conformations of 19,238 molecules and clusters)",1132808,SPICE,original-or-part (origin paper)
eckhoff2021spin,ds-MnO-eckhoff2021,mHDNNP MnO/Mn_{0.969}O reference set: 3101 2x2x2 bulk supercells across magnetic states (1387 MnO + 1421 Mn_{0.969}O training; 156 MnO + 137 Mn_{0.969}O test),3101,,
egorov2026,ds-Nb-egorov2026,"Niobium ACE database (4,130 structures)",4130,,
erhard2022,ds-SiO2-erhard2022,Silica GAP reference database (SCAN labels),,,
fang2024,ds-Si-fang2024,Silicon supercell energy and force data,,,
fang2024,ds-universal-IAP-fang2024,Universal interatomic potentials data set (universal-IAP) of Chen and Ong,,,
focassio2024,ds-mptrj-Cu-focassio2024,MPtrj* Cu subset (55 structures),55,MPtrj,split-or-subset
focassio2024,ds-mptrj-Ge-focassio2024,MPtrj* Ge subset (225 structures),225,MPtrj,split-or-subset
focassio2024,ds-mptrj-Li-focassio2024,MPtrj* Li subset (83 structures),83,MPtrj,split-or-subset
focassio2024,ds-mptrj-Mo-focassio2024,MPtrj* Mo subset (25 structures),25,MPtrj,split-or-subset
focassio2024,ds-mptrj-Ni-focassio2024,MPtrj* Ni subset (96 structures),96,MPtrj,split-or-subset
focassio2024,ds-mptrj-Si-focassio2024,MPtrj* Si subset (559 structures),559,MPtrj,split-or-subset
focassio2024,ds-ong21-Cu-focassio2024,[Ong21] Cu data (262 training / 31 test structures),262,,
focassio2024,ds-ong21-Ge-focassio2024,[Ong21] Ge data (228 training / 25 test structures),228,,
focassio2024,ds-ong21-Li-focassio2024,[Ong21] Li data (241 training / 29 test structures),241,,
focassio2024,ds-ong21-Mo-focassio2024,[Ong21] Mo data (194 training / 23 test structures),194,,
focassio2024,ds-ong21-Ni-focassio2024,[Ong21] Ni data (263 training / 31 test structures),263,,
focassio2024,ds-ong21-Si-focassio2024,[Ong21] Si data (214 training / 25 test structures),214,,
focassio2024,ds-ong21-all-focassio2024,"[Ong21] training data for Ni, Cu, Li, Mo, Si and Ge together (1402 structures)",1402,,
fragapane2026,ds-LiPS25-fragapane2026,"LiPS-25 data set (12,525 cells, 531,576 atoms; predefined 80:10:10 train / validation / test split)",12525,,
gasteiger2020,ds-md17-aspirin-gasteiger2020,MD17 aspirin: 1000 training samples,1000,MD17,split-or-subset
gasteiger2020,ds-md17-benzene-gasteiger2020,MD17 benzene: 1000 training samples,1000,MD17,split-or-subset
gasteiger2020,ds-md17-ethanol-gasteiger2020,MD17 ethanol: 1000 training samples,1000,MD17,split-or-subset
gasteiger2020,ds-md17-malonaldehyde-gasteiger2020,MD17 malonaldehyde: 1000 training samples,1000,MD17,split-or-subset
gasteiger2020,ds-md17-naphthalene-gasteiger2020,MD17 naphthalene: 1000 training samples,1000,MD17,split-or-subset
gasteiger2020,ds-md17-salicylic-acid-gasteiger2020,MD17 salicylic acid: 1000 training samples,1000,MD17,split-or-subset
gasteiger2020,ds-md17-toluene-gasteiger2020,MD17 toluene: 1000 training samples,1000,MD17,split-or-subset
gasteiger2020,ds-md17-uracil-gasteiger2020,MD17 uracil: 1000 training samples,1000,MD17,split-or-subset
gasteiger2021,ds-COLL-gasteiger2021,COLL training set,,COLL,split-or-subset
gasteiger2021,ds-ccsd-aspirin-gasteiger2021,MD17@CCSD aspirin: 950 training and 50 validation configurations,1000,MD17-CCSD,split-or-subset
gasteiger2021,ds-ccsd-benzene-gasteiger2021,MD17@CCSD benzene: 950 training and 50 validation configurations,1000,MD17-CCSD,split-or-subset
gasteiger2021,ds-ccsd-ethanol-gasteiger2021,MD17@CCSD ethanol: 950 training and 50 validation configurations,1000,MD17-CCSD,split-or-subset
gasteiger2021,ds-ccsd-malonaldehyde-gasteiger2021,MD17@CCSD malonaldehyde: 950 training and 50 validation configurations,1000,MD17-CCSD,split-or-subset
gasteiger2021,ds-ccsd-toluene-gasteiger2021,MD17@CCSD toluene: 950 training and 50 validation configurations,1000,MD17-CCSD,split-or-subset
gasteiger2021,ds-md17-aspirin-gasteiger2021,MD17 aspirin: 1000 training and validation configurations,1000,MD17,split-or-subset
gasteiger2021,ds-md17-benzene-chmiela2017-gasteiger2021,MD17 benzene: 1000 training and validation configurations,1000,MD17,split-or-subset
gasteiger2021,ds-md17-benzene-chmiela2018-gasteiger2021,MD17 benzene: 1000 training and validation configurations,1000,MD17,split-or-subset
gasteiger2021,ds-md17-ethanol-gasteiger2021,MD17 ethanol: 1000 training and validation configurations,1000,MD17,split-or-subset
gasteiger2021,ds-md17-malonaldehyde-gasteiger2021,MD17 malonaldehyde: 1000 training and validation configurations,1000,MD17,split-or-subset
gasteiger2021,ds-md17-naphthalene-gasteiger2021,MD17 naphthalene: 1000 training and validation configurations,1000,MD17,split-or-subset
gasteiger2021,ds-md17-salicylic-acid-gasteiger2021,MD17 salicylic acid: 1000 training and validation configurations,1000,MD17,split-or-subset
gasteiger2021,ds-md17-toluene-gasteiger2021,MD17 toluene: 1000 training and validation configurations,1000,MD17,split-or-subset
gasteiger2021,ds-md17-uracil-gasteiger2021,MD17 uracil: 1000 training and validation configurations,1000,MD17,split-or-subset
gasteiger2021,ds-oc20-gasteiger2021,OC20 S2EF training data,,OC20,split-or-subset
gelzinyte2023,ds-zinc-train-gelzinyte2023,"ZINC-train (16,824 configurations of 12,985 compounds)",16824,,
gong2024,ds-Ni-gong2024,"DP-Ni training data (initialisation, DP-GEN bulk and surface, cohesive-energy specialization)",1867,,
goodwin2024,ds-IL-goodwin2024,[F-OMIM][C4F9CO2] DFT data set (OPLS-sampled frames with AIMD and relaxation steps),,,
goodwin2024,ds-lpscl-05-10-goodwin2024,LPSCl training frames of LPSCl|0.5 + LPSCl|1.0 (85 frames),85,,
goodwin2024,ds-lpscl-05-15-goodwin2024,LPSCl training frames of LPSCl|0.5 + LPSCl|1.5 (99 frames),99,,
goodwin2024,ds-lpscl-05-goodwin2024,LPSCl training frames of LPSCl|0.5 (52 frames),52,,
goodwin2024,ds-lpscl-10-15-goodwin2024,LPSCl training frames of LPSCl|1.0 + LPSCl|1.5 (80 frames),80,,
goodwin2024,ds-lpscl-10-goodwin2024,LPSCl training frames of LPSCl|1.0 (33 frames),33,,
goodwin2024,ds-lpscl-15-goodwin2024,LPSCl training frames of LPSCl|1.5 (47 frames),47,,
goodwin2024,ds-lpscl-all-goodwin2024,LPSCl training frames of LPSCl|0.5 + LPSCl|1.0 + LPSCl|1.5 (132 frames),132,,
gubaev2023,ds-TaVCrW,TaVCrW MTP+GM-NN training+validation set: 6711 DFT configurations (5680 at 0 K = 4491 binary + 595 ternary + 594 quaternary; plus 1031 MD-sampled at 2500 K),6711,,
guo2026dap4,ds-DAP4-SA-guo2026dap4,DAP-4 / stearic acid Deep Potential data set (6649 frames),6649,,
haghighatlari2022,ds-ani1-1M-haghighatlari2022,"ANI-1 subset of 1,000,000 samples (5%)",1000000,ANI-1,split-or-subset
haghighatlari2022,ds-ani1-2M-haghighatlari2022,"ANI-1 subset of 2,000,000 samples (10%)",2000000,ANI-1,split-or-subset
haghighatlari2022,ds-cc-aspirin-haghighatlari2022,MD17 aspirin at CCSD/CCSD(T),,,
haghighatlari2022,ds-cc-benzene-haghighatlari2022,MD17 benzene at CCSD/CCSD(T),,,
haghighatlari2022,ds-cc-ethanol-haghighatlari2022,MD17 ethanol at CCSD/CCSD(T),,,
haghighatlari2022,ds-cc-malonaldehyde-haghighatlari2022,MD17 malonaldehyde at CCSD/CCSD(T),,,
haghighatlari2022,ds-md17-aspirin-haghighatlari2022,MD17 aspirin,,MD17,split-or-subset
haghighatlari2022,ds-md17-azobenzene-haghighatlari2022,MD17 azobenzene,,MD17,split-or-subset
haghighatlari2022,ds-md17-ethanol-haghighatlari2022,MD17 ethanol,,MD17,split-or-subset
haghighatlari2022,ds-md17-malonaldehyde-haghighatlari2022,MD17 malonaldehyde,,MD17,split-or-subset
haghighatlari2022,ds-md17-naphthalene-haghighatlari2022,MD17 naphthalene,,MD17,split-or-subset
haghighatlari2022,ds-md17-paracetamol-haghighatlari2022,MD17 paracetamol,,MD17,split-or-subset
haghighatlari2022,ds-md17-salicylic-acid-haghighatlari2022,MD17 salicylic acid,,MD17,split-or-subset
haghighatlari2022,ds-md17-toluene-haghighatlari2022,MD17 toluene,,MD17,split-or-subset
haghighatlari2022,ds-md17-uracil-haghighatlari2022,MD17 uracil,,MD17,split-or-subset
haghighatlari2022,ds-methane-5539-haghighatlari2022,"Methane combustion data, 5,539 training and validation configurations",5539,,
haghighatlari2022,ds-methane-55399-haghighatlari2022,"Methane combustion data, 55,399 training and validation configurations",55399,,
haghighatlari2022,ds-methane-553997-haghighatlari2022,"Methane combustion data, 553,997 training and validation configurations",553997,,
han2018,ds-C7O2H10-han2018,C7O2H10 isomer AIMD data (DTNN benchmark protocol),,,
han2018,ds-Cu-han2018,EAM copper MD snapshots (72000 training of 80000),72000,,
han2018,ds-Zr-han2018,Zirconium AIMD snapshots (90% of 14000),12600,,
han2018,ds-water-han2018,Liquid water PI-AIMD snapshots (90000 training of 100000),90000,,
han2026,ds-ala-han2026,MD22 Ac-Ala3-NHMe,,MD22,split-or-subset
han2026,ds-atat-han2026,MD22 AT-AT,,MD22,split-or-subset
han2026,ds-atatcgcg-han2026,MD22 AT-AT-CG-CG,,MD22,split-or-subset
han2026,ds-bucky-han2026,MD22 Buckyball catcher,,MD22,split-or-subset
han2026,ds-dha-han2026,MD22 DHA,,MD22,split-or-subset
han2026,ds-dwnt-han2026,MD22 Double-walled nanotube,,MD22,split-or-subset
han2026,ds-matpes-han2026,"MatPES-r2SCAN (about 400,000 structures; 80% for training, 20% for validation)",,MatPES,split-or-subset
han2026,ds-stach-han2026,MD22 Stachyose,,MD22,split-or-subset
hanseroth2026,ds-CDP-hanseroth2026,"CsH2PO4: 2000 AIMD configurations (70-90% used for training, the rest for validation and testing)",2000,,
hanseroth2026,ds-CPP-hanseroth2026,"Cs7(H4PO4)(H2PO4)8: 2000 AIMD configurations (70-90% used for training, the rest for validation and testing)",2000,,
hanseroth2026,ds-KOH-hanseroth2026,"KOH in H2O: 2000 AIMD configurations (70-90% used for training, the rest for validation and testing)",2000,,
hanseroth2026,ds-Li13Si4-hanseroth2026,"Li13Si4: 2000 AIMD configurations (70-90% used for training, the rest for validation and testing)",2000,,
hanseroth2026,ds-MoS2-hanseroth2026,"MoS2: 2000 AIMD configurations (70-90% used for training, the rest for validation and testing)",2000,,
hanseroth2026,ds-PhOH-hanseroth2026,"PhOH in H2O: 2000 AIMD configurations (70-90% used for training, the rest for validation and testing)",2000,,
hanseroth2026,ds-PyroNH4-hanseroth2026,"L-pyroglutamate-NH4: 2000 AIMD configurations (70-90% used for training, the rest for validation and testing)",2000,,
harari2026,ds-CDP-harari2026,"CDP data set of the Allegro study cited by the paper (Wang et al., 2025)",,,
harari2026,ds-water-harari2026,"Water data set used with NequIP, following Batzner et al. (2022)",,,
hu2025,ds-alloy-hu2025,"Alloy data set (about 150,000 structures, 53 metallic elements)",,,
hu2025,ds-cathode-hu2025,"Cathode data set, one third of 88,692 structures",29564,,
hu2025,ds-cu2se-hu2025,Cu2-xSe in-house data set,836,,
hu2025,ds-hh130-hu2025,"HH130 (130 half-Heusler compounds, 54 elements)",31891,,
hu2025,ds-mpf-hu2025,"MPF.2021.2.8 (the M3GNet data set; 187,687 structures, 89 elements, noble gases excluded)",187687,MPF.2021.2.8,split-or-subset
hu2025,ds-perovskite-hu2025,Perovskite data set (26 ABO3 oxides),6966,,
hu2025,ds-semiconductor-hu2025,"Semiconductor data set, subset with maximum force below 5 eV/A",20394,,
hu2025,ds-sse-hu2025,Sulfide solid-state electrolyte data set (15 elements),54771,,
huang2025,ds-mp-r2scan-huang2025,"MP-r2SCAN training split (190,560 structures of 27,943 materials)",190560,,
ibrahim2023,ds-Mg-ibrahim2023,"Mg training set (40,000 structures, 738,705 atoms; 5,000 structures for testing)",40000,,
ito2024,ds-Fe-ito2024,"alpha-Fe training set (19,950 structures, 267,188 atomic environments: DE 2,490 and RANDSPG 17,460 structures)",19950,,
ito2025,ds-all-ito2025,"Final Ni-Mn-H training data set (17,777 structures, 592,435 local atomic environments)",17777,,
ji2025,ds-dimer-AA-ji2025,"BioFragment dimer data, apolar-apolar class",,,
ji2025,ds-dimer-CA-ji2025,"BioFragment dimer data, charged-apolar class",,,
ji2025,ds-dimer-CC-ji2025,"BioFragment dimer data, charged-charged class",,,
ji2025,ds-dimer-CP-ji2025,"BioFragment dimer data, charged-polar class",,,
ji2025,ds-dimer-PA-ji2025,"BioFragment dimer data, polar-apolar class",,,
ji2025,ds-dimer-PP-ji2025,"BioFragment dimer data, polar-polar class",,,
ji2026,ds-Ag3-ji2026,Ag3 clusters in two charge states (+/-) data set,,,
ji2026,ds-Au2-MgO-ji2026,Au2 cluster on MgO(001) data set,,,
ji2026,ds-Cu-BTA-ji2026,Benzotriazole (BTA) on copper data set,,,
ji2026,ds-NaCl-clusters-ji2026,Na9Cl8+ / Na8Cl8+ cluster data set,,,
ji2026,ds-dimer-AA-ji2026,"Dimer data set, apolar-apolar dimers (1/r^6 decay)",,,
ji2026,ds-dimer-CC-ji2026,"Dimer data set, charge-charge dimers (1/r decay)",,,
ji2026,ds-dimer-PP-ji2026,"Dimer data set, polar-polar dimers (1/r^3 decay)",,,
jiang2026,ds-FLiBeEu-jiang2026,"FLiBeEu first-principles MD data set (60,000 configurations)",60000,,
ju2025,ds-ft-150-ju2025,SevenNet-FT fine-tuning set (150 structures),150,,
kang2024,ds-AuMgO-kang2024,Au2 on MgO(001) training set of the 4G-HDNNP study (the paper's ref. 9),,,
kang2024,ds-SrO-kang2024,SrO crystal MD training set,,,
kim2024,ds-lpsc-mf-kim2024,Li6PS5Cl multi-fidelity training set (PBE set plus subsampled SCAN single points),,,
kim2024,ds-mp-mf-kim2024,Materials Project PBE + r2SCAN multi-fidelity training set,,,
kim2026,ds-omni-kim2026,"7net-Omni training set (16 databases, 242 million structures)",242000000,,
kim2026,ds-ompa-kim2026,MPtrj + sAlex + OMat24 (training set of the intermediate model 7net-ompa),,MPtrj|OMat24|sAlex,combination
klawohn2023,ds-MoNbTaVW-klawohn2023,Mo-Nb-Ta-V-W GAP database of Byggmastar et al. (reduced),,,
klawohn2023,ds-Si-klawohn2023,Silicon GAP database of Bartok et al. (80% training split),,,
ko2021,ds-C10-ko2021,C10H2 / C10H3+ data set (90% training split),,,
korotaev2019,ds-300K-1-korotaev2019,Active training set for CoSb3 at 300 K (MTP-1) (838 configurations),838,,
korotaev2019,ds-300K-2-korotaev2019,Active training set for CoSb3 at 300 K (MTP-2) (778 configurations),778,,
korotaev2019,ds-300K-3-korotaev2019,Active training set for CoSb3 at 300 K (MTP-3) (897 configurations),897,,
korotaev2019,ds-300K-4-korotaev2019,Active training set for CoSb3 at 300 K (MTP-4) (579 configurations),579,,
korotaev2019,ds-300K-korotaev2019,Active training set for CoSb3 at 300 K (271 configurations),271,,
korotaev2019,ds-500K-korotaev2019,Active training set for CoSb3 at 500 K (717 configurations),717,,
korotaev2019,ds-700K-korotaev2019,Active training set for CoSb3 at 700 K (652 configurations),652,,
kovacs2021,ds-3BPA-300K-kovacs2021,3BPA training set: 500 configurations from the 300 K set,500,3BPA,original-or-part (origin paper)
kovacs2021,ds-3BPA-mixedT-kovacs2021,"3BPA 'mixed-T' training set: 133 configurations from each of the 300, 600 and 1200 K trajectories",399,3BPA,original-or-part (origin paper)
kovacs2021,ds-rmd17-aspirin-kovacs2021,rMD17 aspirin: 1000 training configurations,1000,rMD17,split-or-subset
kovacs2021,ds-rmd17-azobenzene-kovacs2021,rMD17 azobenzene: 1000 training configurations,1000,rMD17,split-or-subset
kovacs2021,ds-rmd17-benzene-kovacs2021,rMD17 benzene: 1000 training configurations,1000,rMD17,split-or-subset
kovacs2021,ds-rmd17-ethanol-kovacs2021,rMD17 ethanol: 1000 training configurations,1000,rMD17,split-or-subset
kovacs2021,ds-rmd17-malonaldehyde-kovacs2021,rMD17 malonaldehyde: 1000 training configurations,1000,rMD17,split-or-subset
kovacs2021,ds-rmd17-naphthalene-kovacs2021,rMD17 naphthalene: 1000 training configurations,1000,rMD17,split-or-subset
kovacs2021,ds-rmd17-paracetamol-kovacs2021,rMD17 paracetamol: 1000 training configurations,1000,rMD17,split-or-subset
kovacs2021,ds-rmd17-salicylic-acid-kovacs2021,rMD17 salicylic acid: 1000 training configurations,1000,rMD17,split-or-subset
kovacs2021,ds-rmd17-toluene-kovacs2021,rMD17 toluene: 1000 training configurations,1000,rMD17,split-or-subset
kovacs2021,ds-rmd17-uracil-kovacs2021,rMD17 uracil: 1000 training configurations,1000,rMD17,split-or-subset
kovacs2025,ds-off23-kovacs2025,MACE-OFF23 training set (SPICE version 1 subset + QMugs + water clusters),951813,SPICE,split-or-subset
kovacs2025,ds-off24-kovacs2025,MACE-OFF24 training set (MACE-OFF23 set + SPICE version 2 additions),,SPICE,split-or-subset
kreiman2025,ds-oc20-600k-kreiman2025,600 thousand examples of the OC20 20M split with elements supported by the EMT prior,600000,OC20,split-or-subset
kreiman2025,ds-spice-kreiman2025,"SPICE, the 951k samples used to train MACE-OFF",951000,SPICE,split-or-subset
kulichenko2023,ds-md-1000K-kulichenko2023,"Glycine training set collected by MD-AL at 1,000 K",,,
kulichenko2023,ds-md-350K-kulichenko2023,Glycine training set collected by MD-AL at 350 K,,,
kulichenko2023,ds-md-600K-kulichenko2023,Glycine training set collected by MD-AL at 600 K,,,
kulichenko2023,ds-udd-350K-kulichenko2023,Glycine training set collected by UDD-AL at 350 K,,,
kumar2025,ds-TiCr2H-c14,"TiCr2-Hx training set, C14 phase, step 1",3766,,
kumar2025,ds-TiCr2H-c15,"TiCr2-Hx training set, C15 phase, step 1",1019,,
kuner2025,ds-combined-kuner2025,MP-ALOE + MatPES combined,,MatPES,split-or-subset
kuner2025,ds-matpes-kuner2025,MatPES r2SCAN data set,,MatPES,split-or-subset
kuner2025,ds-mp-aloe-kuner2025,"MP-ALOE (909,792 r2SCAN frames from 303,264 structure relaxations)",909792,,
ladygin2019,ds-Al-775K-ladygin2019,On-the-fly training set for fcc aluminium at 775 K (approximately 100 DFT configurations),,,
ladygin2019,ds-Mo-1500K-ladygin2019,On-the-fly training set for bcc molybdenum at 1500 K (approximately 100 DFT configurations),,,
ladygin2019,ds-Mo-300K-ladygin2019,On-the-fly training set for bcc molybdenum at 300 K (approximately 100 DFT configurations),,,
ladygin2019,ds-Ti-1500K-ladygin2019,On-the-fly training set for bcc titanium at 1500 K (around 300 DFT configurations),,,
ladygin2019,ds-U-1350K-ladygin2019,On-the-fly training set for bcc uranium at 1350 K (around 300 DFT configurations),,,
laskaris2026,ds-CuLi-laskaris2026,"Cu-Li interface data set (11,000 structures)",11000,,
laskaris2026,ds-QM9-laskaris2026,QM9,,QM9,split-or-subset
laskaris2026,ds-aspirin-laskaris2026,rMD17 aspirin,,rMD17,split-or-subset
laskaris2026,ds-benzene-laskaris2026,rMD17 benzene,,rMD17,split-or-subset
leimeroth2025,ds-AlCuZr-leimeroth2025,Al-Cu-Zr training data (Cu-Zr data extended with Al),,,
leimeroth2025,ds-SiO-leimeroth2025,Si-O training data (from the earlier silica potential study),,,
liu2020,ds-Ga2O3-liu2020,beta-Ga2O3 database (801 training and 90 testing configurations of 160 atoms),801,,
liu2021,ds-SnSe-liu2021,SnSe training set (443 configurations),443,,
liu2023,ds-Si-zuo-liu2023,Silicon training data of Zuo et al. (as used for the DeePMD model of this work),,,
liu2024,ds-CuSn-liu2024,DP-GEN data set for Cu-Sn (initial AIMD data plus actively selected configurations),,,
lubbers2018,ds-QM9-lubbers2018,"QM9 training and validation split (110,426 molecules)",110426,QM9,split-or-subset
lubbers2018,ds-benzene-1k-lubbers2018,"Benzene MD conformations, 1k training set",1000,,
lubbers2018,ds-benzene-50k-lubbers2018,"Benzene MD conformations, 50k training set",50000,,
lubbers2018,ds-malonaldehyde-1k-lubbers2018,"Malonaldehyde MD conformations, 1k training set",1000,,
lubbers2018,ds-malonaldehyde-50k-lubbers2018,"Malonaldehyde MD conformations, 50k training set",50000,,
lubbers2018,ds-salicylic-acid-1k-lubbers2018,"Salicylic acid MD conformations, 1k training set",1000,,
lubbers2018,ds-salicylic-acid-50k-lubbers2018,"Salicylic acid MD conformations, 50k training set",50000,,
lubbers2018,ds-toluene-1k-lubbers2018,"Toluene MD conformations, 1k training set",1000,,
lubbers2018,ds-toluene-50k-lubbers2018,"Toluene MD conformations, 50k training set",50000,,
lysogorskiy2021ace,ds-Cu-lysogorskiy2021ace,"PACE-Cu reference data: small clusters, bulk phases, surfaces, slabs, and defective configurations of copper, generated with FHI-aims; assembled in part with the pyiron workflow framework",,,
lysogorskiy2021ace,ds-Si-lysogorskiy2021ace,"PACE-Si reference data: the published Bartok-2018 general-purpose Si GAP fitting database (2475 configurations covering crystal phases, surfaces, vacancies, interstitials, and liquid)",2475,,
lysogorskiy2026,ds-MPTraj-sAlex-lysogorskiy2026,MPTraj (v2022.10.28) + subsampled Alexandria (sAlex),,MPtrj|sAlex,combination
lysogorskiy2026,ds-OMat24-lysogorskiy2026,OMat24 (110 million DFT calculations),110000000,OMat24,split-or-subset
maxson2025,ds-CHA-maxson2025,MS25 CHA zeolite framework: 1000-point training split,1000,,
maxson2025,ds-HEA-maxson2025,MS25 FeNiCrCoCu high-entropy alloy (EAM reference): 1000-point training split,1000,,
maxson2025,ds-MgO-2x2-maxson2025,"MS25 MgO(100) surface, 2x2x4 slab: 1000-point training split",1000,,
maxson2025,ds-MgO-4x4-maxson2025,"MS25 MgO(100) surface, 4x4x4 slab: 1000-point training split",1000,,
maxson2025,ds-Reaction-maxson2025,MS25 Methane C-H bond cleavage on Pt(111): 1000-point training split,1000,,
maxson2025,ds-Water-192-maxson2025,"MS25 Bulk liquid water, 192 molecules: 1000-point training split",1000,,
maxson2025,ds-Water-64-maxson2025,"MS25 Bulk liquid water, 64 molecules: 1000-point training split",1000,,
maxson2025,ds-ZrO-maxson2025,MS25 Zr-O chemical space (amorphous Zr-containing oxides): 1000-point training split,1000,,
mazitov2025,ds-MAD-mazitov2025,"MAD data set (95,595 structures of 85 elements; 80% / 10% / 10% train / validation / test per subset)",95595,,
mccandler2024,ds-AuSR-mccandler2024,"Au-S-C-H training set (31,942 structures; test set of 11,702 AIMD structures)",31942,,
milardovich2023,ds-Si3N4-milardovich2023,Si3N4 GAP training data set (built over twelve active-learning iterations),,,
montesdeoca2022,ds-DE-montesdeoca2022,Domain-expertise tungsten data set (70% / 10% / 20% split),,,
montesdeoca2022,ds-EM-montesdeoca2022,"Entropy-optimised tungsten data set (223,660 configurations, more than 7e6 atomic environments; 70% / 10% / 20% train / validation / test)",223660,,
musaelian2023allegro,ds-Li3PO4,"Li3PO4 melt + quench AIMD training set (10000 train + 1000 validation, sampled from a 50000-frame combined melt+quench AIMD trajectory)",10000,,
niblett2025,ds-full-niblett2025,"Full: all four configuration types of the GAP training set, about 1000 configurations",,,
niblett2025,ds-opls-niblett2025,OPLS only: 200 liquid configurations from OPLS-AA molecular dynamics (4 EC + 8 EMC),200,,
niblett2025,ds-opls-sm-niblett2025,OPLS+SM: OPLS liquid configurations plus 600 isolated EC and EMC molecules,800,,
niblett2025,ds-opls-vs-niblett2025,OPLS+VS: OPLS liquid configurations plus 20 volume-scan configurations,220,,
nitol2024nial,ds-NiAl-nitol2024nial,Ni-Al MTP training set: 8450 configurations (6092 from on-the-fly active learning during AIMD + 2358 added through D-optimality active-learning cycles),8450,,
novelli2025,ds-water8-novelli2025,8 structures drawn at random from the 1495-structure bulk-water set (validation on an independent 189-structure set),8,,
novikov2020,ds-AgPd-novikov2020,Ag-Pd active-learning training set (442 configurations),442,,
novikov2020,ds-Al-novikov2020,Aluminium stage-1 active-learning training set (low-fidelity DFT),,,
novikov2020,ds-Mo-novikov2020,"Molybdenum training set (mlearn, filtered and recomputed)",,,
osaro2026,ds-Cu-osaro2026,Cu EMT training split (140 structures),140,,
osaro2026,ds-QM7-osaro2026,"QM7 B3LYP training split (5,015 structures)",5015,,
pan2024,ds-CuW-pan2024,Cu-W DFT database,,,
park2024,ds-SiO2-park2024,SiO2 DFT MD snapshots (1600 structures),1600,,
park2024,ds-mpf-park2024,"M3GNet (MPF) data set, 90% training split",,MPF.2021.2.8,split-or-subset
pelaez2024,ds-QM9-pelaez2024,QM9 (U0 target),,QM9,split-or-subset
pelaez2024,ds-ani2x-pelaez2024,ANI-2x data set (90% training split),,,
pengmei2024,ds-azobenzene-pengmei2024,xxMD-DFT azobenzene: training split (4200 of 8414 samples),4200,,
pengmei2024,ds-dithiophene-pengmei2024,xxMD-DFT dithiophene: training split (12400 of 24769 samples),12400,,
pengmei2024,ds-malonaldehyde-pengmei2024,xxMD-DFT malonaldehyde: training split (14000 of 25568 samples),14000,,
pengmei2024,ds-stilbene-pengmei2024,xxMD-DFT stilbene: training split (12800 of 27965 samples),12800,,
perez2025,ds-W-perez2025,"Entropy-maximised tungsten data set, training partition (7000 configurations)",7000,,
podryabinkin2019,ds-B-podryabinkin2019,Boron active-learning training sets of the two MTPs (about 5000 DFT calculations in total),5000,,
podryabinkin2019,ds-C-podryabinkin2019,Carbon active-learning training set (about 1300 DFT calculations),1300,,
podryabinkin2019,ds-Na-podryabinkin2019,Sodium active-learning training set (about 1500 DFT calculations),1500,,
polat2026,ds-oc20-polat2026,OC20 S2EF 200K training split,200000,OC20,split-or-subset
polat2026,ds-oc22-polat2026,OC22 S2EF complete training set,,OC22,split-or-subset
purjapun2019,ds-Al-purjapun2019,"Aluminium DFT database (3649 supercells, 127,592 atoms)",3649,,
purjapun2020,ds-F-purjapun2020,"Training database F (3,164 supercells, 108,052 atoms)",3164,,
qi2023,ds-TiAl,Ti-Al MTP training set (33 polymorphs + 2160 AIMD + 185 surfaces + 580 solid-solutions + 840 strained = 3798 configs),3798,,
qi2024,ds-direct-set-qi2024,"MPF.2021.2.8.All DIRECT set (185,670 structures)",185670,MPF.2021.2.8,split-or-subset
qi2024,ds-ms-set-qi2024,"MPF.2021.2.8.All manually sampled (MS) set (185,877 structures)",185877,MPF.2021.2.8,split-or-subset
qi2024,ds-tih-al-qi2024,Ti-H active-learning training set,,,
qi2024,ds-tih-direct-qi2024,Ti-H DIRECT training set (947 structures),947,,
radova2025,ds-full-radova2025,"H2/Cu training set, 100% (3376 configurations)",3376,,
radova2025,ds-surrogate-radova2025,Surrogate database labelled by MACE-MP-f4 10% (2200 structures),2200,,
radova2025,ds-ten-radova2025,"H2/Cu training set, 10% subset",,,
ramakrishnan2014,ds-QM9-ramakrishnan2014,"QM9 (133,885 molecules)",133885,QM9,original-or-part (origin paper)
roberts2024,ds-CHfTa-roberts2024,C-Hf-Ta MTP training data (AFLOW relaxation steps plus actively selected configurations),,,
roberts2024,ds-CHfZr-roberts2024,C-Hf-Zr MTP training data (AFLOW relaxation steps plus actively selected configurations),,,
roberts2024,ds-CMoW-roberts2024,C-Mo-W MTP training data (AFLOW relaxation steps plus actively selected configurations),,,
roberts2024,ds-CTaTi-roberts2024,C-Ta-Ti MTP training data (AFLOW relaxation steps plus actively selected configurations),,,
rosenbrock2021,ds-AgPd-rosenbrock2021,Ag-Pd active-learning data set (774 configurations),774,,
schafer2025,ds-Li3PO4-schafer2025,"Li3PO4 data set, 10K subset",10000,,
schutt2018,ds-md17-schutt2018,"MD17 reference set, used at N=1000 and N=50000 training sizes",50000,MD17,split-or-subset
seth2025,ds-LiPON-seth2025,"LiPON data set (13,454 configurations; random 90:10 split into training and validation)",13454,,
shapeev2016,ds-W-shapeev2016,"Tungsten DFT database from Szlachta-Bartok-Csanyi (libatoms.org); 9693 configurations, ~150000 atomic environments",9693,,
shayestehpour2023,ds-reline-shayestehpour2023,"Reline training data: 18,000 primary configurations plus about 10,000 from active learning",,,
siddiqui2024,ds-TMD-siddiqui2024,"TMD alloy data set (1470 configurations; 1397 for training, 73 for validation)",1470,,
sivaraman2020,ds-HfO2-sivaraman2020,"Active-learned HfO2 training set (combined selections from liquid, quench and amorphous AIMD)",,,
smith2017,ds-ANI1-smith2017,ANI-1 dataset: ~17.2 M conformations of ~57951 small molecules from GDB-11 (up to 8 heavy atoms; 80% used for training),17200000,ANI-1,original-or-part (origin paper)
smith2018,ds-ANI-1x-smith2018,"ANI-1x (5,496,771 conformations of 63,865 molecules)",5496771,ANI-1x,original-or-part (origin paper)
smith2019ccx,ds-ani1ccx-smith2019ccx,"ANI-1ccx fine-tuning set: ~500,000 CCSD(T)*/CBS-labelled conformations grown from ~480,000 molecules via active learning, pre-trained model used 5M ANI-1x DFT conformations from ~57k molecules",500000,ANI-1x|ANI-1ccx,combination
smith2020,ds-ANI-1ccx-smith2020,ANI-1ccx data set (about 500 thousand CCSD(T)*/CBS data points),500000,ANI-1ccx,split-or-subset
smith2020,ds-ANI-1x-smith2020,ANI-1x data set (about 5 million DFT conformations),5000000,ANI-1x,split-or-subset
srinivasan2025,ds-Li-srinivasan2025,Li training set (2500 liquid and 4700 solid snapshots),,,
stark2023,ds-final-stark2023,Final data set after adaptive sampling (4230 data points: 2545 H2/Cu and 1685 clean-surface structures),4230,,
stark2023,ds-initial-stark2023,Initial data set (2530 data points: 845 H2/Cu and 1685 clean-surface structures),2530,,
stark2024,ds-H2Cu-stark2024,H2/Cu database (4230 data points; 3381 for training),3381,,
stocker2022,ds-qm7x-320k-stocker2022,QM7-x training subset of 320 k configurations,320000,QM7-X,split-or-subset
stocker2022,ds-qm7x-32k-stocker2022,QM7-x training subset of 32 k configurations,32000,QM7-X,split-or-subset
stocker2022,ds-qm7x-3M-stocker2022,QM7-x training subset of 3.2 million configurations,3200000,QM7-X,split-or-subset
stocker2022,ds-qm7x-3k-stocker2022,QM7-x training subset of 3.2 k configurations,3200,QM7-X,split-or-subset
takamoto2022pfp,ds-hme21-takamoto2022pfp,"HME21 (high-temperature multi-element 2021; 19,956 training, 2,498 validation and 2,495 test structures)",19956,HME21,original-or-part (origin paper)
takamoto2022pfp,ds-oc20-takamoto2022pfp,Open Catalyst 2020 (S2EF),,OC20,split-or-subset
takamoto2022pfp,ds-pfp-takamoto2022pfp,PFP data set (PFP molecule and PFP crystal data sets) together with OC20,,OC20,split-or-subset
takamoto2022teanet,ds-H-to-Ar-takamoto2022teanet,"TeaNet data set of disordered H-to-Ar structures (about 294,000 structures)",294000,,
thompson2014,ds-Ta-thompson2014,DFT training data for the tantalum SNAP potential (Table 1),181,,
torres2026,ds-hematite-torres2026,"Hematite DFT data set (split 85.6% / 4.4% / 10% into training, validation and test sets)",,,
unke2019,ds-ISO17-unke2019,ISO17 training and validation split (400k + 4k structures),404000,ISO17,split-or-subset
unke2019,ds-QM9-unke2019,"QM9 training and validation split (110,426 structures)",110426,QM9,split-or-subset
unke2019,ds-SN2-unke2019,SN2 reactions data set: training and validation split (400k + 5k structures),405000,,
unke2019,ds-SPF-unke2019,Solvated protein fragments data set: training and validation split (2560k + 100k structures),2660000,,
unke2019,ds-aspirin-unke2019,MD17 aspirin: 50k structures for training and validation,50000,MD17,split-or-subset
unke2019,ds-benzene-unke2019,MD17 benzene: 50k structures for training and validation,50000,MD17,split-or-subset
unke2019,ds-ethanol-unke2019,MD17 ethanol: 50k structures for training and validation,50000,MD17,split-or-subset
unke2019,ds-malonaldehyde-unke2019,MD17 malonaldehyde: 50k structures for training and validation,50000,MD17,split-or-subset
unke2019,ds-naphthalene-unke2019,MD17 naphthalene: 50k structures for training and validation,50000,MD17,split-or-subset
unke2019,ds-salicylic-acid-unke2019,MD17 salicylic acid: 50k structures for training and validation,50000,MD17,split-or-subset
unke2019,ds-toluene-unke2019,MD17 toluene: 50k structures for training and validation,50000,MD17,split-or-subset
unke2019,ds-uracil-unke2019,MD17 uracil: 50k structures for training and validation,50000,MD17,split-or-subset
vanderoord2023,ds-AlSi10-vanderoord2023,HAL-generated AlSi10 database,,,
vanderoord2023,ds-PEG-vanderoord2023,HAL-generated PEG database,,,
vondrak2026,ds-ZnO-vondrak2026,ZnO oxygen-vacancy data set (1907 structures),1907,,
vondrak2026,ds-clusters-vondrak2026,Up to 1000 randomly selected water clusters (validation on 1000 further clusters),1000,,
wang2018dpkit,ds-water-wang2018,Liquid-water reference set: 40000 frames from a 20 ps NVT AIMD trajectory at 330 K of 64 H2O molecules (38000 train + 2000 test),40000,,
wang2024hotpp,ds-ANI-1x-wang2024hotpp,"ANI-1x, 70% training split",,ANI-1x,split-or-subset
wang2024hotpp,ds-carbon-wang2024hotpp,Carbon data set (various phases),,,
wei2026,ds-FeO-wei2026,"PASS Fe-O training data set (28,091 structures)",28091,,
wen2019,ds-PdSi-wen2019,Pd-Si training set (3000 configurations),3000,,
wen2025,ds-LiPS-10-wen2025,LiPS training subset of 10 configurations,10,,
wen2025,ds-LiPS-100-wen2025,LiPS training subset of 100 configurations,100,,
wen2025,ds-LiPS-1000-wen2025,LiPS training subset of 1000 configurations,1000,,
wen2025,ds-LiPS-2500-wen2025,LiPS training subset of 2500 configurations,2500,,
wen2025,ds-bilayer-graphene-wen2025,Bilayer graphene training set (5560 configurations),5560,,
wen2025,ds-md17-aspirin-wen2025,MD17 aspirin: 950 training configurations,950,MD17,split-or-subset
wen2025,ds-md17-ethanol-wen2025,MD17 ethanol: 950 training configurations,950,MD17,split-or-subset
wen2025,ds-md17-malonaldehyde-wen2025,MD17 malonaldehyde: 950 training configurations,950,MD17,split-or-subset
wen2025,ds-md17-naphthalene-wen2025,MD17 naphthalene: 950 training configurations,950,MD17,split-or-subset
wen2025,ds-md17-salicylic-acid-wen2025,MD17 salicylic acid: 950 training configurations,950,MD17,split-or-subset
wen2025,ds-md17-toluene-wen2025,MD17 toluene: 950 training configurations,950,MD17,split-or-subset
wen2025,ds-md17-uracil-wen2025,MD17 uracil: 950 training configurations,950,MD17,split-or-subset
wen2025,ds-water-wen2025,Liquid water training set (1433 configurations),1433,,
willman2022,ds-C-willman2022,"Carbon SNAP training database (636 structures, 124,907 atomic environments)",636,,
willow2026,ds-3BPA-willow2026,3BPA training set (450 configurations at 300 K),450,3BPA,split-or-subset
willow2026,ds-rmd17-aspirin-willow2026,rMD17 aspirin: 950 training configurations,950,rMD17,split-or-subset
willow2026,ds-rmd17-ethanol-willow2026,rMD17 ethanol: 950 training configurations,950,rMD17,split-or-subset
willow2026,ds-rmd17-malonaldehyde-willow2026,rMD17 malonaldehyde: 950 training configurations,950,rMD17,split-or-subset
willow2026,ds-rmd17-naphthalene-willow2026,rMD17 naphthalene: 950 training configurations,950,rMD17,split-or-subset
willow2026,ds-rmd17-salicylic-acid-willow2026,rMD17 salicylic acid: 950 training configurations,950,rMD17,split-or-subset
willow2026,ds-rmd17-toluene-willow2026,rMD17 toluene: 950 training configurations,950,rMD17,split-or-subset
willow2026,ds-rmd17-uracil-willow2026,rMD17 uracil: 950 training configurations,950,rMD17,split-or-subset
xu2025,ds-3BPA-xu2025,3BPA training set,,3BPA,split-or-subset
xu2025,ds-oam-xu2025,OMat24 + sAlex + MPtrj,,MPtrj|OMat24|sAlex,combination
yang2025,ds-oc20-200k-yang2025,"OC20-200K (200,000 structures; 80% for training)",200000,OC20,split-or-subset
zanineli2026,ds-ZrO2-zanineli2026,"ZrO2 training partition after force filtering (9331 structures, 454,851 atomic environments)",9331,,
zeng2023,ds-Cu-zeng2023,Cu benchmark data set (95% for training),,,
zeng2023,ds-HEA-zeng2023,HEA benchmark data set (95% for training),,,
zeng2023,ds-OC2M-zeng2023,OC2M benchmark data set (95% for training),,OC20,split-or-subset
zeng2023,ds-SPICE-zeng2023,SPICE benchmark data set (95% for training),,SPICE,split-or-subset
zeng2023,ds-dipeptides-zeng2023,dipeptides benchmark data set (95% for training),,,
zeng2023,ds-water-zeng2023,water benchmark data set (95% for training),,,
zhang2018,ds-aspirin-zhang2018,DeePMD training set: 95000 snapshots of aspirin,95000,,
zhang2018,ds-benzene-zhang2018,DeePMD training set: 95000 snapshots of benzene,95000,,
zhang2018,ds-ethanol-zhang2018,DeePMD training set: 95000 snapshots of ethanol,95000,,
zhang2018,ds-ice-b-zhang2018,DeePMD training set: 19500 snapshots of ice b,19500,,
zhang2018,ds-ice-c-zhang2018,DeePMD training set: 9500 snapshots of ice c,9500,,
zhang2018,ds-ice-d-zhang2018,DeePMD training set: 9500 snapshots of ice d,9500,,
zhang2018,ds-liquid-water-zhang2018,DeePMD training set: 95000 snapshots of liquid water,95000,,
zhang2018,ds-malonaldehyde-zhang2018,DeePMD training set: 95000 snapshots of malonaldehyde,95000,,
zhang2018,ds-naphthalene-zhang2018,DeePMD training set: 95000 snapshots of naphthalene,95000,,
zhang2018,ds-salicylic-acid-zhang2018,DeePMD training set: 95000 snapshots of salicylic acid,95000,,
zhang2018,ds-toluene-zhang2018,DeePMD training set: 95000 snapshots of toluene,95000,,
zhang2018,ds-uracil-zhang2018,DeePMD training set: 95000 snapshots of uracil,95000,,
zhang2019,ds-AlMg-zhang2019,"DP-GEN labelled data for Al (6,489), Mg (3,689) and Al-Mg alloys (18,654 configurations)",,,
zhang2020acsf,ds-LGPS-zhang2020acsf,Li10GeP2S12 training set (3600 of 4000 AIMD structures),3600,,
zhang2020dpgen,ds-Cu-zhang2020dpgen,DP-GEN copper data set (7646 labelled configurations),7646,,
zhang2020hbn,ds-inc2-zhang2020hbn,Incremental-2 training set (82 of the 867 configurations),82,,
zhang2020hbn,ds-inc4-zhang2020hbn,Incremental-4 training set (162 of the 867 configurations),162,,
zhang2020hbn,ds-inc6-zhang2020hbn,Incremental-6 training set (242 of the 867 configurations),242,,
zhang2020hbn,ds-manual-zhang2020hbn,Manual training set (325 of the 867 configurations),325,,
zhang2025hbn,ds-hBN-zhang2025hbn,"h-BN Deep Potential data set (14,126 configurations)",14126,,
zhang2025node,ds-3BPA-zhang2025node,3BPA training set (300 K configurations),,3BPA,split-or-subset
zhang2025node,ds-ANI-1x-zhang2025node,ANI-1x data set (subset used for training),,ANI-1x,split-or-subset
zhang2025node,ds-HME21-zhang2025node,HME21 data set,,HME21,split-or-subset
zhang2025node,ds-water-zhang2025node,Liquid water data set,,,
zhang2026,ds-LATP-dft-zhang2026,LATP DFT training set selected by MACE-MD sampling and DIRECT,,,
zhang2026,ds-LATP-distill-zhang2026,LATP distillation set labelled by the fine-tuned MACE model,,,
zhang2026,ds-LGPS-dft-zhang2026,LGPS DFT training set selected by MACE-MD sampling and DIRECT,,,
zhang2026,ds-LGPS-distill-zhang2026,LGPS distillation set labelled by the fine-tuned MACE model,,,
zhang2026,ds-LYC-dft-zhang2026,LYC DFT training set selected by MACE-MD sampling and DIRECT,,,
zhang2026,ds-LYC-distill-zhang2026,LYC distillation set labelled by the fine-tuned MACE model,,,
zhao2023,ds-GaO-zhao2023,"Ga-O DFT database (1,630 configurations, 108,411 atomic environments)",1630,,
zheng2026,ds-mptrj-10-zheng2026,"MPtrj Li-Mn-O-P subset data set, 10% of the available training data",,MPtrj,split-or-subset
zheng2026,ds-mptrj-full-zheng2026,"MPtrj Li-Mn-O-P subset data set, all available training data",4965,MPtrj,split-or-subset
zheng2026,ds-phosphorus-5-zheng2026,"Phosphorus data set, 5% of the available training data",,,
zheng2026,ds-phosphorus-full-zheng2026,"Phosphorus data set, all available training data",4798,,
zheng2026,ds-silica-10-zheng2026,"Silica data set, 10% of the available training data",,,
zheng2026,ds-silica-full-zheng2026,"Silica data set, all available training data",2864,,
zhou2025,ds-mptrj-zhou2025,"MPtrj (1,580,395 structures)",1580395,MPtrj,split-or-subset
zhou2026,ds-matpes-zhou2026,MatPES (1.4M),,MatPES,split-or-subset
zhou2026,ds-mptrj-zhou2026,MPTrj,,MPtrj,split-or-subset
zhou2026,ds-oam-zhou2026,"OMat24, then sAlex + MPTrj for fine-tuning",,MPtrj|OMat24|sAlex,combination
zhou2026,ds-spice-zhou2026,"SPICE-MACE-OFF23 (951,005 small-molecule configurations)",951005,SPICE,split-or-subset
zhu2024,ds-11-super-zhu2024,"Tobermorite 11 A, supercells: 475 training, 25 validation and 500 test configurations",475,,
zhu2024,ds-11-unit-zhu2024,"Tobermorite 11 A, unit cell: 950 training, 50 validation and 6000 test configurations",950,,
zhu2024,ds-14-super-zhu2024,"Tobermorite 14 A, supercells: 475 training, 25 validation and 500 test configurations",475,,
zhu2024,ds-14-unit-zhu2024,"Tobermorite 14 A, unit cell: 950 training, 50 validation and 6000 test configurations",950,,
zhu2024,ds-9-super-zhu2024,"Tobermorite 9 A, supercells: 475 training, 25 validation and 1000 test configurations",475,,
zhu2024,ds-9-unit-zhu2024,"Tobermorite 9 A, unit cell: 950 training, 50 validation and 6000 test configurations",950,,
zuo2020,ds-Cu-zuo2020,"Cu DFT data set of Zuo et al. (ground state, strained cells, slabs, AIMD and vacancy-AIMD snapshots)",,,
zuo2020,ds-Ge-zuo2020,"Ge DFT data set of Zuo et al. (ground state, strained cells, slabs, AIMD and vacancy-AIMD snapshots)",,,
zuo2020,ds-Li-zuo2020,"Li DFT data set of Zuo et al. (ground state, strained cells, slabs, AIMD and vacancy-AIMD snapshots)",,,
zuo2020,ds-Mo-zuo2020,"Mo DFT data set of Zuo et al. (ground state, strained cells, slabs, AIMD and vacancy-AIMD snapshots)",,,
zuo2020,ds-Ni-zuo2020,"Ni DFT data set of Zuo et al. (ground state, strained cells, slabs, AIMD and vacancy-AIMD snapshots)",,,
zuo2020,ds-Si-zuo2020,"Si DFT data set of Zuo et al. (ground state, strained cells, slabs, AIMD and vacancy-AIMD snapshots)",,,
