kind,key,iri,label,descriptor,form_iri,form_label,method,run_iri,aliases,origin,note
method,MTP,MTP,Moment Tensor Potential,MomentTensorDescriptor,,,,,MTP|moment tensor potential|MLIP-2|MLIP-3,shapeev2016,legacy shared IRI (gubaev2023/qi2023/kumar2025); originating paper still uses MTP-shapeev2016
method,GAP,GAP,Gaussian Approximation Potential with SOAP kernel,SOAPDescriptor,,,,,GAP|Gaussian approximation potential|SOAP-GAP,bartok2010,legacy shared IRI (bartok2018si); label is SOAP-specific and should be generalised at alignment
method,MACE,MACE,MACE: higher-order equivariant message-passing neural network,,,,,,MACE|multi-ACE,batatia2022,legacy shared IRI
method,NequIP,NequIP,NequIP (Neural Equivariant Interatomic Potential),,,,,,NequIP,batzner2022,legacy shared IRI
method,Allegro,Allegro,Allegro (strictly local equivariant interatomic potential),,,,,,Allegro,musaelian2023allegro,legacy shared IRI
method,M3GNet,M3GNet,M3GNet: materials graph network with three-body interactions,,,,,,M3GNet,chen2022,legacy shared IRI
method,CHGNet,CHGNet,CHGNet: Crystal Hamiltonian Graph neural Network with charge-informed (magmom) outputs,,,,,,CHGNet,deng2023,legacy shared IRI
method,DeePMD,DeePMD,Deep Potential Molecular Dynamics (DeePMD),DeepPotentialDescriptor,,,,,DeePMD|DP|Deep Potential|DeepPot-SE|DPMD|DP-SE,wang2018dpkit,legacy shared IRI; covers the original and smooth-edition (se_a/se_e2) Deep Potential descriptors
method,SchNet,SchNet,SchNet (continuous-filter convolutional deep neural network),,,,,,SchNet|SchNetPack,schutt2018,legacy shared IRI
method,mHDNNP,mHDNNP,Magnetic high-dimensional neural network potential (mHDNNP) with spin-dependent atom-centered symmetry functions,SymmetryFunctionDescriptor,,,,,mHDNNP,eckhoff2021spin,legacy shared IRI
method,HDNNP,HDNNP,High-Dimensional Neural Network Potential (Behler-Parrinello),SymmetryFunctionDescriptor,,,,,HDNNP|BPNN|Behler-Parrinello|NNP|2G-HDNNP|n2p2|RuNNer NNP,behler2007,new canonical IRI; legacy HDNNP-behler2007 to be aligned
method,ACE,ACE,Atomic Cluster Expansion (ACE),AtomicClusterExpansionDescriptor,,,,,ACE|PACE|atomic cluster expansion|linear ACE|nonlinear ACE,,new canonical IRI; legacy ACE-lysogorskiy2021ace to be aligned (Drautz 2019 is not in the corpus)
method,ANI,ANI,ANI (ANAKIN-ME) neural network potential,ANIDescriptor,,,,,ANI|ANAKIN-ME|ANI-1|TorchANI,smith2017,new canonical IRI; legacy ANI-smith2017 / ANI-smith2019ccx to be aligned
model,MACE-MP-0b3-medium,model-mace-mp-0-batatia2024mp0,MACE-MP-0b3 medium foundation model,,,,MACE-MP-0,run-mace-mp-0-batatia2024mp0,MACE-MP-0b3,batatia2024mp0,full run in origin file; its run applies legacy entity:MACE-MP-0 (to be aligned to entity:MACE)
model,CHGNet-pretrained,model-chgnet-deng2023,"CHGNet pretrained universal MLIP (with magmoms, 400,438 trainable parameters)",,,,CHGNet,run-chgnet-deng2023,CHGNet|CHGNet v0.3.0|CHGNet-MPtrj,deng2023,full run in origin file
model,M3GNet-MPF-2021.2.8,model-m3gnet-chen2022,M3GNet universal IAP (M3GNet-EFS) trained on MPF.2021.2.8,,,,M3GNet,run-m3gnet-chen2022,M3GNet|M3GNet-MP-2021.2.8-PES|M3GNet-DIRECT is NOT this model,chen2022,full run in origin file
